{"cameraMode":{"drawMode":0,"name":"Shaded","section":"Shading Mode"},"sceneLighting":true,"audioPlay":false,"sceneViewState":{"showFog":true,"showMaterialUpdate":false,"showSkybox":true,"showFlares":true,"showImageEffects":true,"showParticleSystems":true},"in2DMode":false,"pivot":{"x":-33.1065788269043,"y":-2.310084342956543,"z":-4.042287349700928},"rotation":{"x":0.04559728130698204,"y":0.9283237457275391,"z":-0.34882688522338869,"w":0.12218037992715836},"size":13.02145767211914,"orthographic":false}