{"cameraMode":{"drawMode":0,"name":"Shaded","section":"Shading Mode"},"sceneLighting":true,"audioPlay":false,"sceneViewState":{"showFog":true,"showMaterialUpdate":false,"showSkybox":false,"showFlares":true,"showImageEffects":true,"showParticleSystems":true},"in2DMode":false,"pivot":{"x":-10.968710899353028,"y":63.70286178588867,"z":-10.73901653289795},"rotation":{"x":0.054234109818935397,"y":-0.9075953364372253,"z":0.12383147329092026,"w":0.3974904716014862},"size":29.21339225769043,"orthographic":false}